returns,returns_sq,future_vol
0.01,0.0001,0.2
-0.02,0.0004,0.25
0.015,0.000225,0.22
-0.01,0.0001,0.18
0.005,0.000025,0.2
0.02,0.0004,0.28
-0.015,0.000225,0.23
0.01,0.0001,0.21
